Rank,Player,Rank Score,Level,Kills,Season 17 Wins,Winning Kills,Kills As Kill Leader,Damage,Headshots,Matches Played,Times Top 3
1,TTV_WeThePeople1,276692,3539,77428,,1393,8519,,,,1191
2,E8 Dezign,262226,1865,60589,98,,,,,,
3,FB-AkesGaming,217966,8630,214961,,,,57093300,210441,32352,17538
4,NAUGHTY,187895,1849,76859,,,,12934754,,,
5,Twitch EnemyAPEX,183500,1698,,,,,,,,
6,iSangAPEX,170350,1317,51275,302,,,11695433,,,
7,KruegerJacked,161806,998,,20,,,,,,
8,nvmessiahttv,150195,2041,,,252,,11854968,,,
9,DanApex,149294,1510,,,,,,,,
10,Qyrro,145022,926,,,,,,,,
11,N8V ProphetVM,140776,974,,,,,,,,
12,Apryze,137205,5214,183560,,146,,29821379,,23833,
13,Tortafeet,133187,1642,,91,,,,56335,,
14,jaded,128152,684,,98,,,,,,
15,TicTaks_x,126661,3495,134327,,,45018,21609999,184368,,
16,Flinzar,125483,1273,,24,,,,,,
17,HoF Samuraisky,124415,1298,,,,,,,,
18,NoJakob,124141,1456,,,,,,,,
19,Woods,123521,662,,67,,,,,,
20,TTV-Bear22345,120538,3939,109096,,1038,14299,23301061,131800,22045,2716
21,RecalIz,118510,2031,,16,,,12427091,40646,,2207
22,TSM_Albralelie,115700,985,94750,,,,16984615,,7665,
23,Zerbow,114649,737,,,,,,,,
24,iScxrTTV,114542,3785,89277,,,,22093996,45362,19249,3598
25,FaZe Gent,114489,1227,,,,,,,,
26,RELX0NLY,113714,1550,,,275,,,39872,,1053
27,Naldoox,112393,2772,,,,,,,,
28,nqrks on tiktok,111004,3011,76068,338,2016,,17872528,91353,13835,6385
29,Pouya,110139,2221,,,,,13610341,,,
30,@uncave | Twitch,109820,893,,,,,,,,
31,ImYourWattson,109105,3168,49744,,,4186,12676617,,,
32,Eww,108763,1997,,,610,,,,,3773
33,Johwny,107592,1351,,,,,,,,
34,oisenpai,107388,906,,,,,15083564,,,
35,Reptar,107337,2291,66888,,,4162,,,,
36,Adiuvant,107130,1366,74380,,,,19069023,66490,,
37,MrChillaxTTV,106580,4015,114585,,,,12933878,52387,,
38,GoatPS,105411,1520,,,,,,,,
39,@ShopzGG,104870,1148,,,,,,,,
40,Rambrro-Twitch,104636,3436,65830,,,,,94613,,
41,J.,104522,1026,,,,,,,,
42,Verrahh,104270,1437,,,,,,,,
43,JTolerance,104018,3466,69153,,,39015,25736580,,20398,2686
44,Niightmareyp,103877,845,,,,,,,,
45,WC_Shooby,103057,1075,,,,,,,,
46,Swaroop629,102714,1795,61071,,,,17651107,102263,16979,
47,JamesFearless,102578,1391,90496,,,,25004399,116531,,
48,Ergochair,102064,1749,,28,,,12097634,48491,,
49,OsivienTv,101757,1060,,,261,2734,,,,
50,Mango424242,101435,945,,,,,,,,
51,PlutoReality,101282,1475,,,,,,,,
52,SonOfThanatosTV,101256,2137,,167,,,,,,
53,Fiona,100770,2100,49274,,,,12210361,42684,,
54,Ca9s,100710,2378,,,,,,,,
55,AthenasMerciTV,100708,1490,82406,,,,21657557,55881,,
56,Dub_Lyfe,100543,4212,103361,,,3082,29024163,115223,12793,
57,Xandemik,100173,993,,,,,,,,
58,uzii,100115,1398,,,,,,,,
59,Misfit-Trey,99673,1071,,83,,,,,,
60,BobbyBognar,99649,2017,54849,,,,,,,
61,AMG_Godspeed,99208,1208,,,,,,,,
62,l-ZuLux-l,98621,3007,84446,,,6661,19307311,120151,10166,
63,OpTic Dropped,97900,4221,95772,,,,23322008,,,
64,Orbztron,97834,3176,62812,,,5415,,53279,,1996
65,JoshInaTonka,97679,455,,8,,,,,,
66,dimibob,97311,1250,,,,,,,,
67,TSMDaequan6462,97282,1154,,,,,,,,
68,UhBismol,96866,4513,137562,,1179,21996,29084891,74033,11693,
69,Raintastical,96340,1008,74229,,,9625,18222142,68058,11984,
70,kapp,95829,863,,,,,,,,
71,NateSlaysTV,95469,1574,,,,,,,,
72,sm0kE_tv,95150,624,,,,,,,,
73,Naunnn,95121,3005,54020,,,,15325149,,,
74,Twitch Crepstf,94951,566,,,,,,,,
75,AetosRequiem,94727,1045,,,369,,,,,
76,Top Munch NA,94684,3249,82781,,,,,,,
77,NOIETTAIGA,94520,1258,,,,,,,,
78,Chillitai-,94380,3998,70906,,,,,,,
79,xNvkk_,94224,923,,,,,,,,
80,ARODR1_TTG,94173,4505,120766,,,7644,26188446,173279,,
81,SoggieWaffl3s_FB,93999,5995,116765,,,12091,29037511,160241,,
82,THaless,93854,1199,,,,,,,,
83,Gody,93596,1559,,,,,,,,
84,l-lSephirothl-l,92353,1252,54656,50,,,11383704,67052,,
85,PIuvy,92201,1225,,81,,,,,,
86,empartial,92077,729,,132,140,,,,,
87,GsQ im_AVES,92026,1400,,,,,,,,
88,raultinoco20,91348,1110,,,,,,,,
89,Rhadiant,91169,3004,96717,,,,18587533,72248,,
90,happihound,90893,2143,,,,,,58862,,1603
91,qLazii,90507,967,,,,,,,,
92,SourCrescent375,90326,948,,,,,,,,
93,Kotigami,90322,3191,100357,,,,28389310,,,
94,SEN Keon,89692,1312,74964,,,,,88858,,
95,minedfull,89454,705,,,,,,,,
96,Vozskii | Twitch,89422,1119,,,,,,,,
97,AMEN,89417,922,,,,,,,,
98,Convey,89070,908,,,,,,,,
99,iitzVick_,88838,2849,,,,,12183896,,,
100,Chrisccold,88812,1034,,,,,,,,
101,June (BaseForm),88674,1186,52338,,,,13287236,62683,,
102,BlackBuddhaaa,88399,2372,,,,,,,,
103,Twitch_ThatzEdd,88316,1198,,,,,,,,
104,lardnemfromdawic,88145,1485,,34,,,,,,
105,OnlyBands,87502,1380,,47,,,,,,
106,AyoItsDex,87362,2850,54239,,,,12187926,,,
107,TSM_MNK,87188,864,49363,,,,,,,
108,FATAL_KUSH69,87146,1205,,89,,,,,,
109,UnKnowNToXinStv,87029,895,,,,,,,,
110,Sekolu,86998,1898,,,,,,,,
111,qxskli,86093,762,,,,,,,,
112,Hm?,86017,1670,,,,,,,,
113,TSM ImperialHal,85672,1130,125043,,,5209,34875649,78281,,
114,h8x1,85413,795,,,,,,,,
115,AzayChe,85303,2933,96673,257,2134,21185,24811924,131592,24494,1944
116,Danerdz,84925,1469,,,,,,,,
117,temp-7476259,84889,1087,,,,,,,,
118,MotowastakenTTV,84859,1174,,,,,,,,
119,Jukez Revenge,84576,1379,,51,,3120,,,,
120,twitch nesroh,84451,1475,,,,,,,,
121,chalkedoutlineTV,84352,1116,,25,,,,,,
122,IQuitMyDayJ0b,83937,2315,,,,,,,,
123,JordyPote,83754,3657,,,,,,,6381,1056
124,ShooterLil,83703,2521,,,,,,,,
125,Shinsxi,83538,2394,68315,119,,,19127929,86019,,
126,Luxford,83318,1400,,,,,,,,
127,Qfarms,83248,789,,17,,,,,,
128,AyooitsJayTTV,82833,1362,,157,151,,,,,
129,Zlo-Xl,82557,1071,,,,,,,,
130,East_Side624,82467,878,,,,,,,,
131,SirPacoElTaco,82354,2750,81500,,,12855,,81844,,
132,F1ickTTV,82020,2764,,,,,,48368,,
133,Gojira,81936,2176,,,,3197,,,,
134,Tyyuki,81792,1507,51164,94,,7296,,57958,6403,
135,XobunnyluluTv,81499,1477,,124,,,,,,
136,AshPlaysApex,81177,2214,75401,,1320,,19212506,101250,17391,3591
137,NBN Chaotic,81059,1647,,11,272,,,60049,6074,4142
138,COL Codddy,80939,4401,87407,,,,25928549,,,
139,qRoa,80795,1285,,,,,,,,
140,Rise Awons,80531,1463,,,,,13790407,,,
141,PeacexXcx,80475,2294,,,,,13969783,,,
142,ItsMatthew6653,80308,777,,,,,,,,
143,Cbreezy502,80239,1109,,,,2868,,,,
144,RevengefulYT,80090,5922,177855,103,,,42185709,,,
145,traininsaiyan10,79974,1010,,,,,,,,
146,left4 bows,79972,1326,,,,,,,,
147,Risperdal,79958,4299,122684,,,,32910610,61019,,
148,NotOmenTV,79902,1995,,,,,,,,1683
149,X-Bogey,79570,733,,,285,,,,,
150,Shwinyy,79510,6426,197557,,235,57459,47588772,186735,,
151,ZvFrank,79263,901,,,,,,,,
152,Thorxe-,79200,2050,,,,,11227897,48274,8876,2984
153,MasterPhoenix25,79178,614,,,,,,,,
154,ClutchCid,79109,1426,,40,,3315,,,,
155,Letxce,79074,3004,,,,,,,,
156,Rxger tht,78905,948,,,,,,,,
157,tqrks on tiktok,78065,1019,,76,,,,,,
158,Trophezz--,77922,1164,,117,,,,,,
159,Life1228,77789,1389,,,,,,,,
160,l Mr Monday l,77379,4321,105624,,1991,12523,30090893,120037,27838,7217
161,Arctoh,77179,934,,,,,,,,
162,RockoBangs,76837,1295,,,,,,,,
163,twitch-xpebbies,76744,2702,67992,,,,13388922,86060,,
164,Mamba,76570,1068,,,,,,,,
165,Droughtzy,76407,1345,,,,,,,7019,1206
166,iiTzAroma,76156,1122,,66,,,,,,
167,AntiSoulcial,76136,1115,,,,,,,,
168,Bunny Boy,76126,1174,85716,,,,12338051,,8752,
169,wTeej,76030,1514,,,,8383,,,,
170,IHAVEALIFE_YT,75645,3165,62859,,,,16866319,,,
171,BiIIets,75643,907,,40,,,,,,
172,xlilbomberx710,75603,1455,,,,,,,,
173,imSaylor_,75548,4388,93899,,198,10180,20674641,134702,20881,2078
174,LIZA,75412,3617,62824,,,,,,,
175,EvaluateYourName,75153,1721,,,,,,,,1520
176,Wilson3d,74996,815,,88,,,,,,
177,Fannccy,74936,2062,,,,,,,,
178,SEN xen,74872,2981,74678,,,,,,,
179,Blakksun7745,74815,1177,,,,,,,,
180,Papa Splix,74802,2613,83651,,,,,103665,,
181,depressive,74674,997,,,,,,,,
182,Kyruva,74545,2496,95127,,,38765,22051660,45854,,
183,AdeptSZN,74534,1189,,,,,,,,
184,XxL Snoopy,74045,1493,,,,,11505999,55506,,2507
185,Suhfo,73712,1393,,,,,13248660,50828,,
186,TTV DE7DEYE,73640,919,,,,,12677310,,,
187,soviet_ab twitch,73571,2831,,,,,,,,
188,I Stay Perky,73139,1870,,,,,,,,
189,ProdigyAces <3,73080,4149,103096,,,,29052618,115214,,
190,Waijr,73073,968,,,,,,,,
191,Nayt a qt,72915,775,,57,,,,,,
192,CollinsProdigy,72911,4512,87324,,,11424,21081686,99764,,
193,Moneyfadez_TTV,72831,2501,62388,,,,17453288,,,
194,Absurdists,72636,3256,64700,,,,19374547,,,2965
195,uSpacy,72425,4256,94655,,,3720,23725928,133536,,
196,Chernobyl,72412,934,,,,,,,,
197,UNRULYSHOTTA819,72378,3568,57196,,,,16498940,,,
198,Rjtch,72251,1683,,,,,12664526,,,
199,boomzai_twitch,72020,1110,,,,,,,,
200,B00MHE4DSH0T41,71943,1382,,,,,,,,
201,daviswave,71914,2396,,,,,,,,
202,RQM_saken,71428,1746,,84,,,13019590,69345,,
203,Agent_Elite2122,71410,1038,,,,,,,,
204,Forfiddy,71179,1837,,,,7113,,,,
205,Liquid Rogue,71164,4343,76394,,,,28930770,,,
206,Gihx,71103,1634,,,,,,,,
207,Its Ster,71094,1610,,,,,,,,
208,Suxeed,71082,1085,,63,,,,,,
209,llADRNll,70903,901,,,,,,,,
210,Lukey Sweets,70870,1314,,,,,,,,
211,TangFX,70782,2087,,,,,,48905,,
212,PonyLover1997,70633,846,,45,,,,,,
213,twitch.tv/Xera,70550,1261,74365,,111,,15092690,,,
214,Wifeline,70450,1762,55386,180,,,,52964,,
215,Jaded,70411,1155,,,,4427,,,,
216,niv,69940,1090,,,,,,,,
217,Nyqwr,69937,1101,,21,,,,,,
218,TyplcalSweat,69846,1446,,147,378,,11653678,,,
219,@ByDame,69718,980,,,,,,,,
220,Dee_Austin,69662,930,,,,,,,,
221,siekos,69574,1765,,,162,5171,,,,1369
222,Bonzxii,69554,1503,,,,5602,,,6125,
223,Ozaki,69373,1107,,,,2756,,,,1135
224,SaoPauloPred,69257,1795,,,,,,,,
225,HoneyBBQJo,69198,2754,,,,,,43794,,
226,COL Lewda,68996,2537,53583,,,4124,16670427,71776,,
227,Slayr,68976,3083,70345,,,,19033665,54540,,
228,G1bby W,68652,448,,0,,,,,,
229,Empery,68582,2834,,,,,20725054,120929,,
230,D3Xsterity,68491,1720,,33,,,12489046,,,
231,JuiceeMane,68414,995,,,,,,,,
232,Six heIIs,68349,900,,,,,,,,
233,bossbabyyy101,68243,908,,,,,,,,
234,RG Stingy,68222,950,,,,,,,,
235,CIeopatraa,67987,2544,57515,,,,11753518,,,
236,FhSkyy,67972,1220,,,,,,,,
237,Remescent,67887,914,,,,,,,,
238,iPRODIGY 84,67729,2277,53402,,,4248,15165907,41101,,
239,notHeated,67602,989,,,,,,,,
240,LAT BearBear,67569,1135,,,181,,11738017,,,
241,JimmyBigSound1,67484,1018,,,,,,,,
242,CamoHaMeHa,67328,1054,,,,,,,,
243,IIMKRAZYY,67287,844,,,,,,,,
244,its relyo,67243,6135,81290,1,,,28624696,94120,,
245,FB PANCAKES,66991,964,,,,,12203116,,,
246,TearDaGoat,66981,1765,,,,,,,,
247,ll NILLOC ll,66836,1603,,,,,13682671,48715,,
248,filthae,66809,830,,18,,,,,,
249,Shh Daddyz Home,66769,2352,,,,,,,,1908
250,TheRealWubba,66646,888,,,,,,,,
251,Avaliq,66545,1444,,,,,,,,
252,DurlTheMediocre,66506,1893,,,,,,,,1368
253,BlestTevez,66494,1296,,2,,,,,,
254,SpaghettiFlavor1,66476,2213,,,540,,,,,
255,KindaGiifted,66440,3994,93988,,,12977,,65159,,
256,Mwrch,66402,908,,,,,,,,
257,iiTzBusy,66347,1071,,,,,,,,
258,ItzDawgs,66336,962,,,,,,,,
259,xqo,66309,1125,,,,,,,,
260,Shplitty,66056,1408,,52,,,,,,
261,ReptileKing099,65907,1617,,36,,,,,,
262,Valkyojin,65811,1758,,,,,,,,
263,ProbGarrett,65800,3294,72352,,,,12818773,,,
264,DOINKS,65747,888,,,,,,,,
265,T7orture,65435,1163,,,,,,,,
266,rezed by lex,65176,1254,,,,,,,,
267,buu2g,65169,2850,,,,,,,,
268,KingxRizzo,65063,1100,,,,,,,,
269,FIIINGERZ,64955,2349,,,420,,11652933,,,1501
270,@MailFTW,64649,939,,,,,,,,
271,AimAssistMunchkn,64561,1239,,40,,,,,,
272,Crutch xv,64480,2043,,64,,,,,,
273,Grind Gaming FB,64359,4963,103390,,,16563,27710336,142486,26076,
274,AllHail Numo,64120,2370,,,,,12185123,,,
275,Lyviuh,64083,1470,,162,,,,42592,,
276,iNickflix,64029,4950,105994,26,280,16727,21764106,95420,,
277,ACE Bravo9776,64027,747,,,,,,,,
278,bbrocks28,64014,971,,104,,,,,,
279,Warookc,63919,1674,,,,,,,,
280,jackjackjac,63818,842,,,,3513,,,,
281,l0ck8t,63804,1284,,,,,,,,
282,Kine on Twitch,63492,5168,131956,,,,26604760,,,
283,xPrince_VegetaTV,63265,3626,53539,,,,,,,
284,Jashido,63071,774,,,,,,,,
285,Versos,62815,2887,,,,,,,,
286,III Pegasus,62787,1510,,,,,,,,
287,Aleyiaa,62668,594,,16,,,,,,
288,Feather1042,62657,1377,,,,,,,,
289,HeavenTearsZ706,62618,1059,,,,,,,,
290,itz cancy,62598,1016,,,,5410,,,,
291,nano,62566,1512,,,,,13435743,,,
292,acesifu,62471,1765,,,,,,,,
293,DarkIightt,62363,1646,,,,,,,,
294,Perfections,62292,935,,,,,,,,
295,Krogre,62217,2206,,5,,,,,,
296,Tuhdeski,62176,1176,,,,,,,,
297,ioJinx,62162,1843,54635,,,9354,15537645,81531,,
298,Flicks IlI,62067,1857,,70,,,,,,
299,fpsvein,62061,1626,,,,,,53080,,
300,Peso4747,61881,997,,23,,,,,,
301,Rondezzz,61823,1961,,,,,,,,
302,TTVxRickochet,61806,1087,,,,,,,,
303,DaddyDucky08,61793,736,,,,,,,,
304,iTsCrazy_1,61778,1086,,,,,,,,
305,L2 Phantom,61501,950,,,,,,,,
306,38 Baby,61468,1255,,,,,,,,
307,Metaio,61367,835,,,,,,,,
308,Ohneol,61295,2341,,,,,,,,
309,VENGER_YT,61175,918,,,,,,,,1063
310,Goddesh,61168,1343,,,,,,,,
311,rbluuuu,61052,1074,,,,,,,,
312,Spowoy,60877,1382,,27,,,,,,
313,MsLailac,60751,1821,,,,,,,,
314,addy 30xr,60750,1259,,,,,,,,
315,xiiTzTrippy,60731,1477,,,,,11862140,44428,,
316,SealedFL,60605,1832,,,,,,,,
317,xJahmalg,60565,859,,,,,,,12509,1777
318,AyTeeZ,60549,206,,,,,,,,
319,T1_AirZ,60307,1036,,38,,,,,,
320,Righsim [Live],60306,795,,,,,,,,
321,OPeezy,60278,1896,,1,,,,,9972,
322,dooplex,60197,1783,,,,,,,,
323,COL_Monsoon,60151,904,53347,,,,,53036,,
324,Frasier18,60147,903,,,,,,,,
325,tayzq,60065,1088,,,,,,,,
326,SlimShiestee,60054,2317,,,,,,52547,,
327,Vepoa,59918,977,,,,,,,,
328,tStaticc,59710,724,,18,,,,,,
329,i ran u,59702,1761,,,,,,,,
330,YT-LILSPYTAIN,59662,1536,,,,,,,,
331,Crumbean,59659,1505,,,,,,,,
332,Kaname 9,59612,1050,,9,,,,,,1280
333,OMG Itz Ozi,59546,1379,,,,,,,,
334,Swinging Me,59470,1248,,,,,,,,
335,jedimonkey2,59447,2109,,,,,,59815,,
336,The Cheesy Toot,59171,909,,,,,,,,
337,TTVH0LLYW00D,59169,2602,,,,,,,,
338,ooAxe,59073,987,,58,,,,,,
339,TSM Verhulst,59023,1040,65455,,220,,,,,
340,DlpIex,58882,4003,61830,,,,13450553,,6934,
341,FB MEEKS,58542,1973,,,,,11977234,,,
342,Xx Newport,58529,1759,,,,,,,,
343,Imbezl,58505,3217,56933,19,,4813,,48477,7123,1737
344,HuLewTV,58324,836,,,,,,,,
345,x dLini,58234,1738,56571,,,,,,,
346,vsPlutoo,58138,904,,,,,,,,
347,nV_LandoBandZ,57749,2387,82210,,,21916,15908305,122765,13076,
348,dihsc,57736,1366,,,,5486,,,,
349,lmprial,57631,1601,,,,,,,,
350,MadLezbian,57528,1225,,58,,,,,,
351,TSM Excentis,57437,1483,,,,,,,,
352,iScamGoofys,57128,938,,9,,,,,,
353,I Wrap It Up,57083,1022,,,,,,,,
354,SatFelli,56951,933,,,,,,,,
355,ColdCannedBeans,56778,1095,,,,,12661568,,,
356,Jangzlp-,56708,798,,46,,,,,,
357,scrap100k,56601,293,,,,,,,,
358,Zerfux,56525,1020,,15,,,,,,
359,BIG X X AIR,56434,1240,,,,,,,,
360,KyWuSaki,56406,1103,,,,,,,,
361,itsScyther_,56104,870,,50,,,,,,
362,doxxx ttv,56008,940,,,,,,,7716,
363,Cllassify,55821,788,,,,,,,,
364,TheBlackUchihaTv,55715,1121,,,,,,,,
365,father frag,55701,1150,50609,,,,13305692,,,
366,ZARKAI,55655,1166,,,,,,,,
367,Frontvl,55189,1193,,,,,,,,
368,Livin_Raw,55167,2469,,,743,6161,,70224,,1066
369,Moizt Armpit,55085,1431,,9,,,15133706,,,
370,Lil Drywall,54917,2730,56473,19,,,16165595,59903,8816,
371,BlG g0at,54913,1922,,,,,,,,
372,Kixcey,54888,2301,81762,,1071,4120,18337172,116701,,2748
373,Frost RaiNx,54800,977,,,,,,,,
374,DregoPK,54742,3724,62067,,,4526,19607953,,,1434
375,H311MasonZ89,54736,934,,,,,,,,
376,EternalO2O,54555,1680,111663,,,23277,,92704,16252,4992
377,E8 Chaotic,54535,1291,,,,,,,,
378,callmepacaz,54352,948,,,,,,,,
379,Ready Up Bliss,54347,773,,0,,,,,,
380,Mjaybrod,54338,1922,,,,3590,,72101,,
381,mAd_Alchem1st,54288,953,,14,,,,,,
382,Luxury Yamii,54237,1071,,,,,,,,
383,ItsRothboxTTV,54158,1547,,,,,,,,
384,AlwysAalky,54045,1460,,53,,3644,12498300,62542,7843,
385,AP-Lxke,53599,952,,,,,,,,
386,KingQxX,53472,2383,,,181,,,,,
387,danoskrrrt,53383,2240,,,,,,,,
388,rRyuzxkii,53375,1136,,,,,,,,
389,iitsZayyTV,53369,1481,,,,,11844743,,,
390,Bxckets,53355,929,,,,,,,,
391,Yainu,53336,1036,,,,,,,,
392,FURIA HisWattson,53216,1243,77623,,,,23737539,101056,,
393,NxGMrPeliGod,53215,2334,65221,,,,,,,
394,my gritz2,53198,916,,,,,,,,
395,WraithyToxic,53138,1129,,,,,,,,
396,Pro_legend956,53059,824,,,,,11071913,,,
397,ORP Blazez,53049,1444,,,,,,,,
398,Diluhted,52709,1696,,,,,,,,
399,Indentor,52663,867,,,,,,,,
400,Alikxn,52637,1597,,,777,,11465148,,7615,
401,VoidedSandyTV,52480,3372,62674,,,,16406762,74168,,
402,Sips on lean,52269,803,,2,,,,,,
403,Mr Kripto,52215,1952,,,,,,,,
404,hipfired,51866,790,,,,,,,,
405,bunkwavi,51755,1444,,,,,,,,
406,Poorboyaus,51739,1459,,,,,,40459,,
407,Terrifjes,51581,2466,65198,93,626,15856,15202803,44581,,
408,Fear Wattsan,51554,1158,,11,,,,,,
409,SquilliamFancyP,51533,1189,,,,,,,,
410,wreqc,51523,1162,,,,6533,,,,
411,xLimitlessHOF,51508,1144,,,,,,,,
412,oNevermor3,51494,1660,,,,,,,,
413,STN_Monchere,51471,1029,,,,,,,,
414,Toosh Tees Off,51436,3153,69336,,,4573,,,,
415,TTwizi,51073,535,,,,,,,,
416,ImKingDemiTv,50849,1288,,,,,,,,
417,rixse,50715,749,,,,,,,,
418,Infehst,50647,2750,56930,,,,,,,
419,Fear The Smiles,50476,2287,61369,,,11925,,,,
420,Boogiewoogie402,50163,1625,,12,,,,,,
421,100T Vaxlon,50053,1378,77631,,,,17898134,79990,,
422,ShowYourHistory,49911,2390,54375,57,,,13165081,,,
423,Why_Envyyy,49868,1410,,,,,,,,
424,Kuzrui,49597,656,,,,,,,,
425,BeachgoerE,49525,644,,,,,,,,
426,sSyxzz,49462,1615,,,,4440,,,,
427,OpTic knoqd,49458,3234,66234,,,11393,11271180,,,
428,oSchlepp,49450,2568,50410,,,,,50741,14303,3457
429,l-BHDee-l,49443,915,,,,,,,,
430,MHG-spookie9100,49334,1786,,,,,,,,
431,XxBiGgDeE03xX,49252,748,,,,,,,,
432,NoahCarroll,49248,1258,,17,,,,,,
433,Jmadison16_TTV,49215,1844,,,,,13483047,,,
434,Ciilix,49197,2500,,,,,,,,
435,ColossusOfCloud,49165,1480,69857,,,,16712848,,,
436,best gun 420,49136,1369,,,,,,,,
437,GrabbaR400,49036,779,,,,,,,,
438,chianna29,49035,1455,,,,,,40395,,1646
439,ig_lyr1c,49008,892,,,,3405,,,,
440,IAmBIackHammer,49003,1271,55776,,,,16937898,,,
441,Roniiiii CoD,48981,1011,,,,,,,,
442,xVen_dettaxX,48910,932,,39,,,,,,
443,jeffyrollers tv,48891,1100,,127,106,,,,,
444,Twis7y,48871,906,,,,,,,,
445,GE jefe,48813,2067,,,,,,,,
446,XL3GITR0CKST4RX,48787,2478,,,187,3214,11101703,,,
447,BamboozledYoMom,48705,907,,,,,,,,
448,6eso on Kick.com,48653,1004,,2,,,,,,
449,FuRy Void,48641,1238,,,,,,,,
450,Jaqket,48602,1234,,,,,11688743,,,
451,Cxnfutious,48560,1522,,,,,,,,
452,zTrueOne,48547,2023,,,,,11471536,,14649,2524
453,Bravo Ghost3043,48458,2178,,12,,,,,,
453,Skittlecakes,48458,2092,,,,,,,,
455,ViizayFPS,48342,871,,,,3485,,,,
456,JinxAlchemist,48269,1397,,12,,,,,,
457,Im Impressy,48146,1050,,,,,,,,
458,Chzzse,48106,2161,,,,,,,6090,
459,officialcomplex,48051,818,,,,,,,,
460,drac,48049,2321,,,,,,,,
461,Werteb,47983,1454,,,,,,,,
462,XSET Ncturnal,47962,967,,,,,,,,
463,Johnny The Doe,47935,2803,,,,,,,,
464,jusweat,47924,2023,,,,,,57580,,
465,mattydskiTok,47854,812,,,,,,,,
466,Twitch ArmaMessy,47832,1296,,,,,,,,
467,PlayrHaterz,47734,922,,,,,,,,
468,CoMpLeX_SoNgZ,47712,1908,,,,,,,,
469,Reeebus,47699,2677,,,,,,,,
470,JayyKubTV,47678,1541,,,,,,,,
471,HonoredFlyr,47677,1118,77144,,,5871,17936505,,,
472,iKunigami,47590,828,,,,,,,,
473,TrevCooks,47585,1303,,,,,,55347,,
474,DivineBu11et,47548,2158,,,,,,,,
475,Pushin Path,47391,1344,56857,,,,17001221,82428,,
476,Twitch/Renndom_,47288,820,,,,,,,,
477,Bomberdbl04,47204,1119,,,,,,,,
478,Dopers TV,46924,2839,77630,,,,,74278,10352,2164
479,x_KungPow_x,46856,1200,,,,,,,,
480,EvilKnightTV,46832,1114,,,,,,,,
481,souljas son,46825,1465,,,,,,,,
482,Crunch_Ken,46794,1300,,,,,,,,
483,GaIveston,46757,1964,107495,160,,,25033132,93077,,
484,Inhale Loba,46746,2603,52189,,,5850,,45897,,
485,iiTzDaddyJankz-,46694,2285,,,,,,,,
486,minienglish11,46676,904,,,,,,,,
487,IzVon,46654,1248,,,,,,,,
488,OC5xTTV,46624,413,,,,,,,,
489,urScar,46559,1462,,,426,,,,,
490,VerIuxs,46370,1326,,84,,,,,,
491,GleamTV,46250,1117,,101,102,,,,,
492,pacolocoa12,46239,1222,,,,,,,,
493,snazzyy29,46217,872,,38,,,,,,
494,bluntvibezisaac,46185,1316,,,,,,,,
495,BSamBeamz,46168,1679,49318,,,,12712257,,,
496,NoWelfareTTV,45986,227,,,,,,,,
497,IIAcid_FabzII,45932,1191,,53,,,,,,
498,stlchamp24,45914,2004,51614,,,4751,16336905,81333,,4291
499,s F1ow,45899,2229,,14,,,14652986,52523,,
500,Stuhni,45872,3007,58101,,,4027,17342408,,,
501,okNoah_,45826,809,,,,,,,,
502,cop1,45753,1508,,,,,,,,
503,WERKZ DESTROYZ,45560,1314,48891,,,,,,,
504,kyomizuu,45428,1628,,,,,,,,
505,Hxcobie | twitch,45340,903,,,,,,,,
506,Twitch | Maggz__,45127,2879,75911,,,,22782885,,,
507,YaBoiOB | Twitch,45104,807,,,,,,,,
508,Ca7tel,45068,991,,,,,,,,
509,x6Castr6Gang6x,44798,1861,,,,,,,,
510,RknTheBest,44787,1631,,,,,,,,
511,DBellGuns,44770,1028,,,,,,,,
512,DinoSnaxx,44667,1121,,6,,,12687228,,,2269
513,EnVyxFieryx,44609,1153,,24,,,,,,
514,NRG_Gild,44361,1473,,,,,,46534,,
515,buddhaJess,44324,1131,,,,,,,,
516,Upthrow,44304,2057,204635,,4066,31386,56960435,259839,,5372
517,Obey_Son,44251,4647,84694,,,,21865010,114199,,
518,LinguaI,44087,702,,,,,,,,
519,OgDaxter_,44065,429,,9,,,,,,
520,HighhKev,44063,2358,,,,,,,,
521,JoelwitaPole,44033,1251,,,,,,,,
522,MezzyTheGod,43956,2290,75718,,,5752,11432913,,,
523,ItalianRomeo,43780,3324,54628,,593,,12335285,,,1201
524,SA-_-WAR,43746,2835,,,,,12229184,41192,,
525,Vergil,43606,1062,,,,,,,,
526,PiFFsendra,43557,2924,,,,,11287561,,,
527,jackson_24_,43555,1247,,,,,,,,
528,byecai,43497,1193,51732,,,4374,15068200,81966,,
529,StillSwaggyTTV,43494,1397,51993,,,,12760247,,,
530,JonnyFowlTTV,43471,1017,,,,,,,,
531,one magged u,43449,1343,,,,,,,,
532,Jipperino,43433,2826,64716,,,,16303500,,,
533,Angelchaosss,43310,935,,,,,,,,
534,Free Rio5207,43282,1105,,,,,,,,
535,SUSBUCKETT,43113,1060,,,,5382,,,,
536,k13west,43078,772,,,,,,,,
537,Cap__Gomez,43057,813,,22,,,,,10916,1706
538,UgIiest-,42993,609,,,,,,,,
539,zMrPineapple,42975,1154,,,,,,,,
540,Habibi Ricki,42972,1213,,,,,,,,
541,Mmezs,42923,1480,,,,,,,,
542,CrucialRene,42809,2515,,,,,11349097,,11554,2598
543,E8 Zachmazer,42789,946,71494,,,,,,11020,
544,plu,42720,1299,,,,,,,,
545,BoosieBats_TTV,42621,1811,,,,,,,,
546,rSpxxkyperK,42556,1573,,,,,,,,
547,OG Brice Cube,42552,2369,,,,,14367042,,21727,3567
548,yurtw,42537,907,,5,,,,,,
549,wanTiD,42503,514,,1,,,,,,
550,@ProximityWHO,42384,2040,,,,,,,,
551,OnyxxOP,42325,1856,,,,,,,,
552,zlViRuZxTTV,42279,1742,,,,,,,,
553,TTVSatanGotFaded,42267,1023,,,,,,,,
554,SarcasticxSiren,42248,1891,,3,,,,,,
555,xiFINESSEDUx,42233,2525,,,,,,,,
556,RavsJKK,42165,1269,,,,,,,,
557,iMANUCKi,42103,803,,,,,,,,
558,I3lessns,42090,1137,,,,,,,,
559,LF Flea,42053,1077,,,,,,,,
560,Happylifer4039,42050,997,,,,,,,,
561,ASpicyOnion,42017,868,,,103,,,,,
562,qhoste,41991,3909,99090,,,8069,18078893,,,
563,o Zayahh,41885,863,,,,,,,,
564,BeastVillian219,41817,1585,,,,,,,,
565,Enchanted_Nut,41816,1026,,,,,,,,
566,Gintrix,41814,969,,,,,,,,
567,realchop_sticks,41749,1312,,26,,,12964009,,6200,
568,mizDragunz,41705,1451,,,439,,,,,
569,HRDBDY,41568,2762,,,,,12111350,,,
570,Cinicoo,41503,2587,,,,,13380860,,,
571,Migrationss,41485,1232,,,,,,,,
572,Vyp,41430,826,,,216,7971,,,7448,
573,bruce lee,41414,2060,,,,,,,,
574,Aggrxsslon,41405,1050,,,,,,,,
575,FaZe Deeds,41358,1045,,,,,,,,
576,ttvExoticFxntasy,41339,996,,,,,,,,
577,PropofolFall,41335,1460,,,,,,,,
578,crqzyss,41329,1489,64039,,,,17516791,61802,,
579,lTitusI,41301,2627,50572,39,,,,,,
580,xuisia,41262,933,,,,,,,,
581,Bskuit,41203,904,,,,,,,,
582,@zKona,41177,886,,,,,,,,
583,thumpthin,41072,2665,,,,,,,,1159
584,justWubzy,41018,1639,,11,,,,,,
585,1111111,41011,917,58681,,,,,,,
586,TTV_ASAS7NK1NG,41008,1599,,,,,,,,
587,P3RC 3000,40986,4522,66563,200,,,,57841,,
588,Xenoxiti >:D,40967,2373,60137,,,,15087956,65029,,
589,Dio was him,40963,319,,,,,,,,
590,kan7e,40946,2267,,,,,,,,
591,AvoidMelody,40932,1729,,,,,,,11254,
592,SlawBunnny,40912,1328,,,,,,,,
593,Xceptx,40882,871,,,,,,,,
594,wllx,40824,978,,,,,,,,
595,Joshua2malo,40803,970,,,,,,,,
596,GVONatsu_,40798,1147,,,,,,,,
597,JETRO09,40785,1694,,106,,,,,,
598,herkyoki,40763,1939,53806,,,7974,,66598,10551,1515
599,hvkvvk,40760,752,,,,,,,,
600,DeIye,40658,801,,,,,,,,
601,zOutlah,40545,1188,,20,,,,,,
602,powpow,40518,1755,58107,,,,,,,
603,stewtrain_,40516,1158,,,,,,,,
604,Grazzy7458,40485,981,,54,,,,,,
605,Mr ImSavage,40427,943,,,,,,,,
606,I Heiki I,40268,747,,,,,,,,
607,sparxzbloom,40258,972,,,,,,,,
608,DEMONKOZ,40254,695,,,,,,,,
609,FLXZYfrmbb,40247,543,,,,,,,,
610,Douyin-Nil11_1,40177,905,,18,,,,,,
611,DumBeau,40161,2370,,,,,11920849,,,
612,Furysuxx,40136,1908,55900,,401,,,,,
613,DpesniperTTV,40036,2458,,,,4333,,,,
614,Hurttz2much,40024,2530,,,,,,,,
615,anbuFPS,39968,1070,,,,,,,,
616,Doctorstarfox,39893,902,,,,,,,,
617,Xelid,39858,720,,,,,,,,
618,JumboJewel59309,39615,1287,,,,,,,,
619,iBaaaaad,39563,878,,,,,,,,
620,Obaba Justin,39513,1278,,,,,,,,
621,Enfractual,39463,771,,,,,,,,
622,Cheekbeater7,39436,2305,,,,,,,,
623,DroppuhTV,39396,1544,,,,,,,,
624,@iliosCh,39213,1007,,,,,,,,
625,@iSpreex,39190,956,,,,,,,,
626,l3radl33,39166,1779,,,,,,,,
627,Simbaa2013,39150,1921,,,,,,,,
628,JayClutchez,39078,1517,,,,,,,,
629,jairoBaeTikT,39058,2624,,6,233,,,,,
630,Tykuu,38975,773,,,,,,,,
631,Kool B Jr,38952,1362,,,,,,,,
632,Twitch HillCST,38915,1546,,,,,,40475,,
633,syla,38863,849,,,,,,,,
634,PanduhSZN,38852,741,,,,,,,,
635,JohnnyElCuh097,38732,1869,,,,,,,,
636,TTV_Hypy21,38708,2722,50751,,,,,,,
637,Abyssal Melody,38680,909,,,,,,,,
638,CrayZ Evan,38643,991,,,,,,,,
639,DiSciplinar14n,38629,2808,,,,,,,23227,2744
640,TTXTR,38621,2291,,,,5452,,,,
641,Siackinq,38615,846,,,,,,,,
642,HogeOof,38561,1260,,,,,,,,
643,TH3 S3SH,38552,1018,54773,,,,15288782,73702,12186,2479
644,iiTzAnnt,38545,1016,,50,,,,,,
644,Superdoy_unrated,38545,2068,,,,,,,,
646,IKPLUHAHA,38521,1075,,,,,,,,
647,Doggo,38517,1373,,,,,,,,
648,GingerQueen7895,38513,683,,,,,,,,
649,Botstrength,38447,1184,,,,,,,,
650,saltlife1031vett,38430,425,,,271,3015,,,,
651,TiffaJessi,38428,1138,,,151,,13187525,,,
652,Sevpha,38427,2890,54718,,,,,58757,,2169
653,Hydrix nxvy,38424,820,,1,,,,,,
654,PathsPooch,38360,1740,,19,,,,,,
655,xLuCkYxPaNiCx,38323,1063,,,,,,,,
656,StayAbovee-,38236,2125,52856,,,2967,,,,
657,Twitch_YoBoruto,38233,1905,63856,,,11931,14342456,,,
658,Leo_the_Lion25,38219,1336,,,,,,,,
659,TTVSweatygodT,38215,699,,,,,,,,
660,Meyousic,38134,1307,,,,,,,8546,1296
661,Omni Ambitions,38127,1304,,,,,,,,
662,Sweet NRG,38111,3148,,,,,,,,
663,Premedies,38079,750,,,,,,,,
664,approx9257bees,38007,506,,,,,,,,
665,ActuallyCryptic,37951,902,,,,,,,,
666,Fausx,37899,868,,,,,,,,
667,IllVirusIll,37796,1999,,,262,,,70854,9396,
668,Daredvl262,37737,1256,,,,,,,6717,
669,BmmycreeTTV,37699,1906,,,,,,,,
670,xGravy Boatx,37692,855,,,,,,,,
671,LonesomeDevils-,37677,811,,,,,,,,
672,armychick08,37676,1833,,,,,,,,
673,XxKOOLAIDxX63,37664,890,,,,,,,,
674,loobidup,37607,1041,,,,,,,,
675,geomyhero-tv,37602,2059,,,,3487,,,,
676,doctorlifted,37541,762,,0,,,,,,
677,Nasty0wl,37532,1002,,,,,,,,
678,Dynamic_6ix,37430,2572,,,,,13286773,83767,15067,1908
679,oLordTouchMe,37407,695,,,,,,,,
680,Iighz,37338,1125,,,,,,,,
681,Mysterese TV,37296,953,,,,,,,,
682,daivebabey,37213,2104,51922,,,2884,,,,
683,TyBadAtGames,37192,1327,,,291,,,,,
684,BreakingBandz,37175,1448,,,,,,,,
685,BLACK__N_MILD,37135,959,,,,,,,,
686,Syncreum,37132,1236,,,,5060,,,,
687,Purgzy,37115,2337,,,,,,,12094,
688,Itz_Krazy-YT,37105,1827,,,,4063,,,,
689,D-Blowfish,37050,1125,,,,,,,,
690,SkoomaAddict II,37030,785,,,,,,,,
691,Dawzu,36942,304,,,,,,,,
692,ITzOZZYTtv,36894,1903,61063,117,,5595,11548377,74119,11415,
693,@Bunt on Insta,36878,1948,,,,,14628747,,,
694,BT Dropshot,36854,967,,,,,,,,
695,Jennima Dygin,36764,341,,,,,,,,
696,UV_xAstroTVx,36645,842,,,,,,,,
696,noba,36645,1762,,,,,,,,
698,XedFred,36609,2124,,16,,,,,,
699,IAmDrrunnmk,36559,638,,,,,,,,
700,movmentt,36550,705,,,,,,,,
701,Bronnism,36531,1205,,,,,,,,
702,Legacy,36516,4155,94905,,,13829,25645643,,,
703,Yezani,36474,2745,51458,,167,,,,,
704,suhfrs,36472,1113,,,,,,,6153,
705,XxSaWwYxX,36449,1884,,,,,,,,
706,Stunttin,36411,875,,,,,,,,
707,AlleyOop,36391,959,,,,,,,,
708,@ihatesleepy,36373,779,,,,,,,,
709,100T Onmuu,36360,2032,,,,,,,,
710,FIREFLY avoid,36351,535,,,,,,,,
711,xNoStyle,36327,1800,,,,,,50814,,
712,xPeaceMakerOG,36313,2999,69597,,,,21067031,,25756,4846
713,SteelShotSniper,36286,1048,,,,,,,,
714,TTK ScooteR,36217,1197,56785,,,,15178400,,,
715,Jimbocracy,36213,1809,,,,,,,,
716,GhostlyMTV,36180,856,,,,,,,,
717,bborton,36120,1386,,,,,,,,
718,Twitch | HystFPS,36108,860,,,,,,,,
719,Marleygames64,36032,828,,,,,,,,
720,L8_Dark,36027,1107,,,,,,,,
721,Ergo_Tokyo,36026,979,,,,,,,,
722,0w3n1s,35963,603,,6,,,,,,
723,lnspxr,35947,1121,,,,,,,,
724,@Nefarious_Plays,35936,1104,,,,,,,,
725,SoraBliss,35862,1237,,,,,,,,
726,ITzHAVIIxx00,35855,1219,,,,,,,,
727,M2 MountainSide,35853,773,,,,,,,,
728,DeebsTTV,35824,899,49863,7,,,13414401,62778,,
729,GlitchRippz,35814,824,,,,,,,,
730,ItsCirce,35807,1634,52797,,570,8523,12613516,,12848,1129
731,SeagullsLeftNut,35786,896,,,,,,,,
732,TTV-xZo__,35780,886,,,,,,,,
733,Kirko Beans,35765,2055,,,,,,,,1796
734,Thykingg,35747,999,,,,,,,,
735,Soluary,35692,969,,,,,,,,
736,Rookkzzs,35681,894,,,,,,,,
737,DrippyBrian,35667,3435,114463,,,10048,24319276,83696,7030,1236
738,xVyperTv | RG,35665,1338,,,,,,,,
739,AZTARR0TH,35629,2269,,,,,,,,
740,BTL NinjaStorm,35601,1112,,,,,,,,
741,Kezo,35558,706,,,,,,,,
742,CrankbaitGG,35512,932,,,,,,,,
743,aboy_126,35490,687,,,,,,,,
744,oSpace Boundz,35456,2290,,,,,,,,
745,MrBrews,35445,1854,57457,,,,14876954,,9130,
746,D0MINI0NN,35417,905,,,,,,,,
747,Aarwah,35409,905,,,209,3532,,,,
748,MostHxttedJJ-,35387,1597,,,,,,,,
749,Ghost H1Zero,35358,2661,,,,,,,,
750,USAE BarelyAzn,35301,907,,,,,,,,
750,HTG Carti,35301,887,,,,,,,,
752,lluvBrunettes,35273,1151,,,,,,,,
753,KIZZMYR301,35255,2046,,,,,,,,
754,ReFuZioNx,35239,3112,97815,,,3967,21651509,77232,,
755,FPSKLOCK,35232,992,,,,,,43147,,
756,creepr69xd45,35189,540,,,,,,,,
757,ok 240 W,35097,700,,,,,,,,
758,BmoreMarv,35076,1046,,,,,,,,
759,GodSlaya_ovrkilz,35067,977,,,,,,,7049,1202
760,rBluntss,35018,2669,72996,,,3101,17271070,95691,,
761,BDS_DevSleeez-,34930,1818,60771,,,,12877105,54364,,
762,joe comet,34905,4638,66182,,2032,,16721815,60670,,5244
763,Nezuko Enjoyer,34859,629,,,,,,,,
764,ImShinyang,34858,748,,,,,,,,
765,TBEviction,34847,662,,,,,,,,
766,ForeignAbility,34843,3612,75695,,1184,12139,19271566,81089,24978,4047
767,ImFeatherr,34839,913,,81,,,,,,
768,Fourwrd,34782,226,,6,,,,,,
769,-Tiffany-,34777,671,,,,,,,,
770,donfinity,34775,928,,32,,,,,,
771,LiveRaia,34754,1162,,17,,,,,,
772,Seen 6m Ago,34725,2145,,,,,,,8738,
773,TTV ItsOdinz,34721,1056,,,,,,,7761,1007
774,aalcoz,34710,804,,,,,,,,
775,Jake7316,34700,1513,,,352,5262,,45984,,
776,Nikebeast124,34682,1213,,,,,,,,
777,TTV ImSowwy,34675,1846,,,,,,,,
778,SRC Nadeican,34651,802,,,,,,,,
779,I5000mg,34644,978,,,,,,,,
780,fr0stygirl,34638,1190,,,,,,,,
781,omgchevy,34564,1666,,,,,,,6645,1262
782,USAE Ruszty,34481,907,,,,,,,,
783,Heaaavy,34464,2652,80543,,,14173,20011436,58479,,
784,Death fine,34459,1137,,,,,,,,
785,GreatEnigma_tv,34455,840,,,,,,,,
786,TooEasyPvT-Tv,34451,2205,49702,,,,15505289,87479,,
787,SlayinSpartan,34446,2306,,,,,12514361,,,2581
788,KAMENWAT1,34414,2071,,,,,,,10751,
789,Katveira,34335,1167,,,,,,,,
790,SirSeul,34316,690,,,,,,,,
791,Plasmaphysic,34310,795,,,,,,,,
792,TRASHF1NDER,34296,2673,54532,,,,12600852,,,
793,JustNotWorkin,34290,1279,,,,,,,,
794,mediumpollo_,34287,2627,,,,,,,,
795,leh gwak,34275,672,,,,,,,,
796,FaZe Snip3down,34251,2307,64541,,,6436,,,,
797,LebobbyG,34207,1377,,,,,,,,
798,rA focus,34195,341,,,,,,,,
799,NikeQuote,34192,433,,2,,,,,,
800,CW_goodluck,34181,920,,,,,,,,
801,XScottieSuSX,34181,913,,,,,,,,
802,XxVisualzxX1668,34177,1193,,,,,,,,
803,G-u-n-s-a,34141,587,,,,,,,,
804,Opalseer234,34064,1137,,6,,,,,,
805,ButteryMuffins,34062,828,,,,,,,,
806,bsmokin1,34052,638,,,,,,,,
807,JPrym,33989,2655,,,,,,,,
808,GriefOfKings,33985,900,,,,,,,,
809,Focus Tp,33973,844,,,,,,,,
810,FalconXo-,33968,1386,,,,,,,,
811,lnfxrnaI,33954,1092,,,131,,,,,
812,Cyree16,33949,3178,90106,,,4155,23501425,101962,,
813,Toska_iwnl,33925,874,,,,,,,,
814,ObviousDots,33866,685,,,,,,,,
815,xREAPZx3858,33862,469,,,,,,,,
816,Xima Blue,33818,1317,,,,,,,,
817,OUCH TROY,33779,1868,57638,,,,,,,
818,CitrineJungle86,33760,744,,,,,,,,
819,llnverse,33672,991,,,,,,,,
820,Fantastikc,33658,1058,,,,,,,,
821,l_Nixy_l,33590,1504,,,,3218,,,8404,1327
822,revisun,33566,505,,,,,,,,
823,DeeUpNxt-,33539,1868,,,,,,,,
824,ThacheekthiefTV,33505,1935,,,,,,,,
825,BLM_BrezzyMotown,33496,1134,,,,,,,,
826,FyeYa,33471,1777,,,,,,,,
827,Shock,33452,816,,,,,,,,
828,Key-Krent-Kiir,33422,907,,46,,,,,,
829,Twitch AJME,33417,962,,,,2738,,,,
830,Dfyt,33410,1096,,,,,,,,
831,pingamastiffbro,33399,631,,,,,,,,
832,Killadream9836,33398,3421,,,,,,47615,,
833,lnfinity TTV,33382,1049,,,,,,,,
834,Umbra of Death,33339,1646,,58,,,,,,
835,Soras Sin,33290,1068,,,,,,,,
836,Zombie,33252,803,,,,,,,,
837,Qwic Nut,33245,816,,,,,,,,
838,BEASTINOSUKE,33233,1143,,0,,,,,,
839,KafilthyTV,33201,2299,,,,,12433248,70536,,
840,rimorisa,33199,805,,,,,,,,
841,kyropractics,33192,1244,,,,,,,,
842,Ahponu,33138,1530,,,,,,,,
843,OverratedMax,33097,804,,,,,,,,
844,IScottie2Hottiel,33089,2289,59922,,,,18397774,,,
845,Mobi,33083,175,,,,,,,,
846,MeeZy FMB,33075,771,,,,,,,,
847,x_-DeVo-_x,33058,807,,,,,,,,
848,nikki emily,33050,1167,,,,,,,,
849,RZR Steak,33048,751,,,,,,,,
850,HeyToka,33047,943,,,,,,,,
851,Bill,33046,1197,49376,,,,11434625,,6062,
852,TizDickie,33037,1055,,,,,,,,
853,featiera,33031,1785,,,,,,,,
854,muahaha,33017,810,,,,,,,,
855,Gnarliticus,32978,1025,,,,,,,,
856,Itz Fyzer,32972,1654,,,,,,,6110,1775
857,Nexiathann,32968,892,,,,,,,,
858,SunnyDBaggz,32958,930,,,,,,,,
859,Ptatz,32937,1259,54497,,,,,45921,,
860,NotKhrxnic,32929,857,,,,,,,,
861,Ayybel,32924,1677,,,,,,,,
862,critickzy-,32911,543,,,,,,,,
863,NYX_Nefarly,32868,1902,,,,2980,,50000,7857,
864,Grimphyy,32851,830,,,,,,,,
865,xZethra,32848,2600,,,,,,60389,,
866,monke,32847,895,,,,,,,,
867,Sklar 2K,32806,908,,14,,,,,,
868,ExxtendFPS,32759,2743,62003,,,,15951079,54052,17264,5196
869,M1NURK4,32743,1041,,1,,,,,,
870,supermijo7,32736,553,,,,,,,,
871,ekuzsia,32735,723,,,,,,,,
872,XxTurtleKingz,32729,2282,,,,,,,,
873,Smerk A Berl,32563,3957,59682,,1250,,,54925,11751,6392
874,AuxrviOnTT,32535,948,,,,,,,,
875,FCDE,32531,1266,,,,,,,,
876,Dk_Knight13431,32521,1227,,,,,,,,
877,iiTzJuiceBox,32504,970,,,,,,,6486,
878,ABG,32489,1583,,,,,,,,
879,I Steedy I,32483,969,,10,,,,,,
880,CAI2N4GE,32478,667,,,,,,,,
881,DoctorVital,32470,1498,,,,,,,,
882,iSpyke,32463,2302,,,,,,,,1160
883,lLoveMari-,32456,2769,,47,,,,,,
884,Ddevinski,32428,1664,,,,,,,,
885,Razzouk 4ever,32401,1204,,,,,,,,
886,bestgirl,32399,4986,100810,,,,26811643,85656,,
887,Youies,32393,1613,53836,,1579,22309,11868660,51485,10604,3915
887,StormBornTTV,32393,516,,,,,,,,
889,TTV Webbita,32389,3501,60087,,,,12062272,81692,,1541
890,Saleen981,32387,761,,27,,,,,,
891,Chase,32340,672,,,,,,,,
892,zIDrank,32339,2424,,50,,,,,,
893,Ksuti,32315,1082,,,,,,,,
894,Nessies R301,32313,1512,,,,,,44101,,2613
895,Komodo,32293,686,,,,,,,,
896,DoL Godly,32270,2979,,,,,11682794,,,
897,CarnageIII,32189,744,,,,,,,,
898,Iz is Static,32181,798,,,,,,,,
899,MadHatsRevenge,32173,1073,,,,,,,,
900,Tek_ladderOp,32147,589,,,,,,,,
901,Ansiia,32142,3067,72460,,289,10936,,,,
902,bacon,32131,837,,24,,,,,,
903,XKR_IKEKO,32126,2173,,,,,,,,
904,LeftSaucer1146,32101,1279,,6,,,,,,
905,SlushiexOnTTok,32094,571,,,,,,,,
906,Jessie8415 x,32089,489,,,,,,,,
907,Julioespinoza112,32059,885,,,,,,,,
908,vShxvt,32056,824,,,,,,,,
909,SyberTwitch,32050,1466,,23,,,,,,
910,FAM DASH,32042,1096,,,,,,,,
911,C_FLY24,31981,2275,55866,,,,13372999,,,
912,MaDaMaDaYouZi,31959,1687,,,,,,,,
913,TNTG AGRO,31930,4006,56521,,323,,20295895,87680,36489,6621
914,Pinoy_Jao,31908,1430,,,,,,,,
915,feta,31892,1343,,,,,,,,
916,Ape Everything,31887,987,,,,,,,,
917,eX xMONEYx,31870,1515,,,,,,,,
918,Kaiizoku o,31860,512,,,,,,,,
919,Fzlthy,31837,1110,55069,69,,12863,12676969,46336,,1753
920,ReighleyHD,31825,933,,,834,7811,,,8682,2466
921,VIProwler-,31818,945,,,,,,,,
922,Sam_Gella1try,31816,1275,,,,,,,,
923,StepBack3s-,31794,423,,,,,,,,
924,Loonyjayy,31792,1689,,9,,,,,,
925,MachixoFPS,31791,792,,,,,,,6073,1117
926,Cephu,31779,1066,,,,,,,6542,1557
927,Jeloan_,31771,4160,55293,,,,18517839,61357,,
928,BOBxLAZAR115,31746,953,,,114,,,,,1618
929,Zaylub,31720,2711,,,,,14171958,,,
930,ImJuiceed,31702,569,,,,,,,,
931,daintypet,31670,1026,,,,,,,,
931,AuttoTV,31670,1217,,,,,,,,
933,Epiganza,31653,2468,,,,,,,,
934,jsraeI,31634,1426,,,,2774,,,,
935,seeEscape,31596,829,,,,,11111741,,,
936,Aces Kunai,31580,1950,138266,,291,45004,,109576,21104,2431
937,SqueakyCurdz,31578,1069,,,,,,,,
938,artloveneko,31570,844,,,,,,,,
939,rPapiJay,31560,3814,,,,,14094361,,,
940,Halaven,31535,2895,142115,29,,33873,28301816,52043,11899,3315
941,xRolledx,31529,1668,,,,,,,,
942,CPTJIB,31526,1683,,,,,,,,
943,ISLAUGHTRA-,31518,1471,,10,,,11972034,,,
944,@iMozaFPS,31516,939,,,,,,,,
945,Detached,31513,910,,19,,,,,,
946,TRUTHxFpsTV,31512,1450,,2,,,,,,
947,nerd,31509,1178,,,,,,,8069,1220
948,RZR Kraber,31507,965,,,,,,,,
949,EasyPair,31504,2876,,,,,,,,
950,teknicole,31478,2644,,,,,,,,
951,pixildeath,31476,2067,,53,329,,,,,
952,chrxstian3,31475,860,,,,,,,,
953,Twitch-MissMBear,31469,3295,,,,,12591898,,,
954,FallThunder,31453,743,,,,,,,,
955,PhishPhan TTV,31437,532,,,,,,,,
956,Chief_kungpow,31436,896,,,,,,,,
957,ShooterGangTone1,31425,2182,,,,,,,,
958,ok preda,31412,1904,,,,,,48256,,1772
959,TheDUALaxe,31410,797,,4,,,,,,
960,CrewsnTV,31406,3099,55809,,,,13964314,,7976,
961,Bree,31386,460,,,,,,,,
962,Brrightside,31384,831,,0,,,,,,
963,GS soul8160,31380,882,,,,,,,,
964,TAMU_Jacksbrr,31378,575,,3,,,,,,
965,Itz AN0N,31334,873,,,,,,,,
966,Toonami9578,31333,1486,,,,,,,,
967,XvoTv,31313,1910,,,,,,,,
968,TBH_FrenzY,31311,826,,,,,,,,
969,ClaneSZN,31310,1429,,,,3254,,,,
970,Messwey,31305,938,,,,,,,,
971,SES Motivfury,31302,746,,,,,,,6256,
972,VloneDontae,31301,589,,,,,,,,
973,Skyrvy,31294,731,,,,,,,,
974,uWu_WOOKiExTTv,31284,1089,,,,,,,,
975,Alex Romack,31276,977,,,,,,,,
976,Simply SkyZ,31254,1950,,,244,,,,,
977,techro,31233,962,,73,,,11482359,,,
978,HeHeHe_heret1c,31224,781,,,,,,,,
979,@Eyeluding,31220,932,,,,,,,,
980,griefed you,31200,3616,57390,,,2947,11090904,,,
981,gemtears,31180,755,,,,,,,,
982,vokeloI,31167,1807,,,160,3978,,,,
983,mfchris-,31153,987,,,,,,,,
983,LoCoRoLaNd-TV,31153,744,,,,,,,,
985,Goody Groovy,31132,798,,,,,,,,
986,rFaide,31123,3102,137230,,,,31559523,234015,,5152
987,King Vegeta,31117,543,,,,,,,,
988,MerekatOG,31112,539,,,,,,,,
989,vThraxxx,31105,1510,,10,,,,,,
990,aerobryce,31076,1498,,121,,,,,,
991,IronHoop,31072,756,,,,,,,,
992,PouponMiChes,31067,727,,,,,,,,
993,Explocivo808,31058,987,,,,,,,,
994,BillyBagith,31056,697,,,,,,,,
995,SabosFire TTV,31033,745,,,,,,,,
996,Sora Sucks,31029,1790,,,,,,52090,,
997,SpillsOG,31026,892,,,,,,,,
998,Coastiin__,31015,883,,,,,,,,
999,Kintuks7_,31009,1115,,31,,,,,,
1000,seven,31003,682,,,,,,,,
1001,Randyogx_,31001,1789,,,,,,,,
1002,TTV Jaqked,30983,825,,,,,,,,
1003,@Vezz,30955,717,,,,,,,,
1004,ImperialSKEL,30953,1202,,,,,,,,
1005,twitch | shinipc,30939,1011,74557,,,,,,,
1006,DeThDeALr42o,30930,1492,,,,,,,,
1007,Bob,30922,911,,,,,,,,
1008,ojeda_27,30906,1017,,,,,,,,
1009,The Sweaty Serb,30891,1441,,,,,,,,
1010,MattPickett,30793,2463,,,,,,,,
1011,eX-_-benji,30777,1590,,67,,,11109471,,,
1012,G0dLoLuMadTtv,30773,1245,,,,,,,,
1013,Quinny,30766,621,,,,,,,,
1014,Mokwayo,30742,754,,,,,,,,
1015,sKPsycho,30729,1542,,,,,,,,
1016,Efficixncy,30726,1010,,,,,,,,
1017,o7,30721,1104,,,,,,,,
1018,MaliqueHump,30718,1234,,,,,,,14387,1939
1019,Stud Legacy,30708,729,,,,,,,,
1020,Junyatsu,30677,961,,,,,,,,
1021,cColossus,30673,154,,,,,,,,
1022,Snapjaw1243,30656,1323,,,,,,,,
1023,gbgLyft,30650,987,,,,3161,,41668,7886,
1023,Lefty,30650,562,,,,,,,,
1025,CLETE SENSEI,30644,1807,,,,,,53081,,
1026,llamaboywonder,30590,1300,,,,,,,,
1027,Dabwards3280,30587,1173,,,,,,,,
1028,Vazdara,30561,799,,10,,,,,,
1029,killershooter53,30545,185,,,,,,,,
1030,Lojaal,30536,822,,,,,,,,
1031,ItsButo,30533,563,,,,,,,,
1032,PercSixty,30507,714,,,,,,,,
1033,Djw2335,30501,737,,,,,,,,
1034,Videogamefreak,30481,968,,,,,,,7722,
1035,SlipperyBoi0469,30468,782,,,,,,,,
1036,chxmcd,30453,1173,,,,,,,,
1037,gold_out_dragon,30439,778,,,,,,,,
1038,Xwtiii6819,30424,2112,,,,,,,,
1039,Wolverines50_TTV,30413,1447,,,,,,,8635,1569
1040,Baka_B0cchi,30407,819,,,,,,,,
1041,Ares2192,30404,936,,,,,,,6606,
1042,Tokoyakii,30397,809,,,,,,,,
1043,mystic_veteran13,30378,1526,,,,,,,,
1044,q_majin,30361,918,,,,,,,,
1044,Quiijii,30361,699,,,,,,,,
1046,kazir,30345,940,,,,,,,,
1047,EGO Overlord,30342,1050,,,,,,,,
1048,K90V4Y,30334,1354,62010,,,5912,12683228,,,
1049,AsTralprojet,30326,1906,,,,,,,,
1050,I Exontu I,30313,405,,,,,,,,
1051,ClappyD,30302,812,,,,,,,,
1052,Shirassu,30296,902,,,,,,,,
1053,Chiefyy,30278,836,,,,,,,,
1054,CJWoodington,30272,1050,,,,,,,,
1055,SimpleSimps,30256,1819,,,,,,,8152,2036
1056,TigerSwarm54,30255,1418,,,,,,,,
1056,not_Zaralynn,30255,1138,,,,,,,,
1058,XF Flaunty,30223,2612,60661,,,,15579496,,,
1059,KeefuI,30211,445,,,,,,,,
1060,ShadedSpeedy,30204,743,,,,,,,,
1061,XSaltCreepX,30188,3547,54130,,,,,,,
1062,oGhostify_,30185,974,,7,,,,,,
1063,@Scxzrr,30183,1011,,,,,,,,
1064,RedVeins559,30182,978,,,,,,,,
1065,Iconic,30168,3374,70137,,,6765,18287348,53620,,
1066,TTV_PunStayzTru,30149,5106,91511,,,,22374352,,,
1067,KrazyCracked,30131,708,,,,,,,,
1068,Xiaozs YT,30127,1485,,27,,,,,,
1069,kara,30120,977,,,,,,,,
1070,Sense Jesus,30119,1134,,,,,,,,
1071,ImSmokinATM,30114,1234,,,,,,,,
1072,Rosnia | Twitch,30110,1073,,,,,,,7058,
1073,sX Brady,30101,908,,,,,,,,
1074,stone,30091,832,,,,,,,,
1075,RVN_RebelTV,30082,971,,,,,,,,
1076,Entendre_Tv,30077,816,,,,,,,,
1077,Chaotic3337,30064,586,,,,,,,,
1078,YokedKuuu,30062,3370,,,,,12620537,,29879,4503
1079,SOO_GUD818,30060,1268,56316,,,,,,,
1080,Kingnoodin,30055,1816,,,,,,,,
1081,Check7_7mate,30031,807,,,,,,,,
1082,Conch onWii,30027,1496,,,,,,,,
1083,ImViibin,30019,498,,,,,,,,
1084,IvanElTerrible,30013,902,,,,,,,,
1085,Hold My Zem,29987,1498,49559,10,,,,,,5034
1086,z NeWYorK x,29977,522,,,,,,,,
1086,rccn,29977,866,,,,,,,,
1088,EpikCow,29971,630,,,,,,,,
1089,Kennology_twitch,29956,757,,,,,,,,
1090,mitch,29945,965,,,,,,,,
1090,iTs_LOUiiEtv,29945,2439,58349,,,,14161732,,,
1092,Gen,29932,924,,,,,,,,
1093,EightyPegasus12,29925,1239,,,,,,,,
1094,Styles V,29923,856,,,,,,,,
1095,nobell___,29918,932,,,,,,,,
1096,Aestus,29912,1237,,,,,,,,
1097,Mr PsychoTTv,29899,706,,,,,,,,
1098,DISS_RogueWolf98,29890,1800,,,,,,,,
1099,JohnnyPriceTV,29855,1477,,,,,,,,
1100,Ayy_CLAWS,29854,744,,,,,,,,
1101,iCreatineTv,29837,1385,,,,,,59641,,
1102,Juiryo,29828,983,,,,,,,,
1103,play,29785,837,,92,,,,,,
1104,ConJenki92,29704,821,,,,,,,,
1105,TerminalValent,29700,691,,,,,,,,
1106,DED Zebra,29686,991,,,,,,,,
1107,Nasklar_,29656,2072,,,,,11635644,,10602,
1108,Peep the Sweep,29640,928,,44,,,,,,
1109,ClayDoolie,29637,1181,,,,,,,,
1110,Null Fivez,29630,1935,,,,,,,,
1111,-MadeInHeaven,29628,300,,,,,,,,
1112,MIGHTYKAY6969,29616,628,,,,,,,,
1112,Himothy,29616,489,,,,,,,,
1114,EYPHKAA,29615,914,,,,,,,,
1115,Treysgotbigmoney,29608,1032,,,,,,,9898,1880
1116,EpicBeamz,29605,1758,,,,,12915022,,10475,
1117,Call_Me_Uncle_T_,29601,1737,,,,,,,,
1118,FitzCity22,29593,1253,,,,,,,,
1119,FifthPartyTV,29590,1870,,,,,,,,
1120,DrippySANE,29542,732,,,,,,,,
1121,Dazychain-FB,29518,3281,52645,,919,,13504138,55485,,1668
1122,DankLandBeyond,29501,818,,4,,,,,,
1123,m1skiboy_yt,29479,923,,,,,,,,
1123,VapingColors,29479,1616,,,,,12861780,,,
1125,ItzNotAdam1000,29477,2545,,20,,,13504295,70863,,2387
1126,CoffinMK4,29463,855,,,,,,,,
1127,TeaHCiToad,29456,930,,,,,,,,
1128,COMPLY XI,29455,1219,,36,,,,,,
1129,robishow,29450,856,,,,,,,,
1130,<3,29445,1337,,,,,,,,
1131,Baguzarelli,29443,3921,102290,,1436,22893,18439612,79858,,
1132,Wlvc,29421,406,,,,,,,,
1133,MPham I Am,29413,898,,,,,,,,
1134,Zer0,29410,644,,7,,,,,,
1135,RemixTheDon,29396,3459,55898,,,,16255417,,,
1136,ColdWetLasagna,29394,1634,,,,,,,,
1137,S4ints,29386,450,,51,,,,,,
1138,lHoaxx,29381,970,,,,,,,,
1139,ZDavis,29373,867,,,,,,,,
1140,Ninja Rampage,29368,1017,,,,,,,,
1141,McLemur TTV,29360,3501,86361,,,,16830416,75866,,4160
1142,Amoeba1886,29357,743,,,,,,,,
1142,Soggywutang,29357,1230,,,,,,,,
1144,creeperops,29356,660,,,,,,,,
1145,MX7 Vital,29350,392,,,,,,,,
1146,Open Blinds,29296,1428,,,,,,,,
1147,yeehawlics,29290,837,60491,,,,14995590,39735,,
1148,RonDoM CLuTcH,29283,2239,,,,,,,,
1149,cCleptic,29255,649,,,,,,,,
1150,GOTAY-PR23,29246,690,,,,,,,,
1151,Banksy,29231,641,,,,,,,,
1152,Main_Man_Mike44,29217,1171,,,,,,,,
1153,Ioccu,29209,1245,,,137,,,,,
1154,xYbnSaturn,29180,1554,53031,,,10717,12509881,,,
1155,RE4L BL4ZE,29179,1986,,,,,,,,
1156,ghostkilla42087,29174,979,,,,,,,,
1157,I smxir I,29172,234,,,,,,,,
1157,E a a a r l,29172,2343,,,,,,,,
1159,VOD BABAYAGA,29169,2050,,,,,,,,
1159,PK__Ant31k,29169,928,,,,,,,,
1161,Fubsey nR,29156,736,,,,,,,,
1162,Tikkali,29148,597,,,,,,,,
1163,IC Bushi,29147,831,,,,,,,,
1164,ApatheticRN,29146,1294,,14,,,11352295,,,
1165,SheLuvskey420,29140,1524,,,,,,,,
1166,Attorne,29136,639,,,,,,,,
1167,loot goblin,29116,847,,,,,,,,
1168,I0Izz,29103,2488,54544,,,3983,15807602,,,
1169,Emotiionzzzz,29091,1696,,,,,,,,
1170,BeezlebubTikTok,29086,970,,,,,,,,
1171,Beanbread69,29085,1847,,,,,,,,
1172,qk BANG,29084,1971,,,,2895,,,,
1173,mimicry,29076,783,,,,,,,,
1174,TrustGucci,29063,882,,,,,,,,
1175,trevor9rovert,29062,1665,,,,,,,,
1176,MarioJay on Kick,29051,1081,,,,,,,,
1177,Esco Fresco,29050,863,,4,162,,,,,
1178,Resentfulz,29039,306,,,,,,,,
1179,Real Liberty,29034,769,,,,,,,,
1180,qJxlly,29028,1260,,,,,,,,
1181,RelFPS,29014,1107,,,,,,,,
1181,The 4 for 4,29014,2420,,,,,,,,1229
1183,FullSendBroski,28982,1585,,,,,,,,
1184,xSRx TheRipperX,28976,1534,,,,,,59475,,
1185,FeaR_Tokeyo,28961,878,,,,,,,,
1186,blazeitupits420,28960,660,,,,,,,,
1187,TubOfKittens TTV,28952,905,,,,,,,,
1188,KingPurpTV,28943,3722,,,,3035,13617844,55137,,3241
1189,G1TWR3KT,28942,1722,,,,,,,6425,1307
1190,KilonseTV,28932,2106,,,,,,,,
1191,AV AstroStardust,28926,929,,,,,,,,
1192,BD_Stand_By_Leo,28881,1491,,,,,,,,
1193,MitsuKris,28871,1023,,,,,,,,
1194,Golfersons,28870,2147,,,,,,,,
1195,EEMG Gambit,28867,1360,,,,,,,,
1196,BURRITOKILLA_TTV,28854,1131,,,,,,,7768,1186
1197,Jeremy,28852,880,,,,,,,,
1198,TeX NigHTMaRe,28843,858,,,,,,,,1098
1199,Fye Dat,28831,784,,,,,,,,
1200,FTP FIDDY,28828,1489,,,310,,,,,1095
1201,rezgleesh,28769,1019,,,,,,,,
1202,OutragedSoul,28767,1668,,,,,,,,
1203,TwitchPelicahn,28753,2690,95481,,,15855,22135996,104445,18860,
1204,MATCH1N,28747,1151,86211,,1361,21950,17586307,,,
1205,zen kash,28744,1114,,,,,,,,
1206,XxCiRocFloW,28730,924,,,,,,,,
1206,Aphters,28730,1419,,,,,,,,
1206,LowkeyDisgusting,28730,2103,,,,,,,,
1209,Go Stay True,28727,841,,,,,,,,
1210,cwcspicysauce,28715,2414,,,127,,,40120,,1003
1211,x SURG3ON x,28713,727,,,,,,,,
1212,lynx_kilo,28673,902,,,,,,,,
1213,Soulfuly,28664,869,,,,,,,,
1214,Dumber,28658,3681,108059,,,,21719596,,,
1215,Xikor_,28637,3776,118681,,,,30726853,116516,,
1216,ExO POMSKYS,28622,5173,110325,98,,,,134312,17527,
1217,Ra Horus Haru,28619,1352,,,,,,,,
1218,ColedAsicee,28611,2438,,,,,,,,
1219,Parmfps_,28600,1603,,,,,,,,
1219,SageModeIss_TTV,28600,1047,,,,,,,,
1221,Sneaky_Deadshot5,28591,713,,,,,,,,
1222,Swerve,28589,1185,,71,,,,,,
1223,Marcjaacobs_,28587,872,,,,,,,,
1224,k00kslams,28580,1225,,,,,,,,
1225,ExDestroyer-,28565,692,,,,,,,,
1225,David the ghost,28565,742,,,,,,,,
1227,HighIey,28551,687,,,,,,,,
1228,Auynno,28529,652,,,,,,,,
1229,justinapes,28507,539,,,,,,49191,,
1230,PeopleTryMe,28502,1595,,,,,,,,
1231,T0xicDefiantTv,28497,1002,,,,,,,12021,
1232,Hauntiful,28488,3665,57945,,,,16011413,70282,,
1233,xLucaK,28480,716,,,,,,,,
1234,AE ZarckLee,28474,2753,,,,,,51429,,
1235,BunniiiOG,28473,2588,,,,,,,,
1236,@CeezPenguino,28459,928,,,,,11463335,,,1275
1237,XtraOrdynariNemo,28441,1023,,,,,,,,
1238,Whiskers1996TTV,28436,4974,73794,,,,15867379,,,
1239,inefABLEkenDALL,28435,693,,,,,,,,
1240,BEASTKILLERX117,28430,826,,,,,,,,
1241,Hades Desire,28429,2130,,36,,,,,19211,
1242,Above Faded,28428,2550,56768,,,,16858736,75567,,
1243,TheRattpackx,28426,3740,90071,,,12908,23761348,,,
1243,SoyKahlo,28426,847,,30,,,,,,
1245,Dreamy Tip,28425,442,,,,,,,,
1246,REMEMBER,28424,630,,,,,,,,
1247,F618,28420,1181,,,,,,,,
1248,Menzo71,28407,1103,,13,183,,,,,
1249,FearIez-,28405,1042,,,,,,,,
1249,Zestybouu,28405,1820,,,,5055,11044773,61276,11380,
1251,God_Odin_69,28384,957,,,,,,,,
1252,BLA4ZEE,28380,1712,,,,,,,,
1253,BlubberGrub,28378,885,,,,,,,,
1254,iPredatoRxTV,28374,3492,68411,14,,8267,,59441,,
1255,Souls111,28365,860,,,,,,,,
1256,FaZe Bluefille,28354,1118,,,169,,,,,
1257,runz_wit_sizors,28352,905,,,,,,,,
1258,DaddyBadger5498,28350,1016,,,,,,,,
1258,@MursenaryCJ,28350,1457,,,,,,,,
1260,Nulamu,28348,774,,6,,,,,,
1261,AvWoN TTV | KICK,28342,1862,,,,,,,,
1261,omertaflame,28342,731,,,,,,,,
1263,FenrirReki,28334,1099,,,,,,,,
1264,Gloup,28333,839,,,,,,,,
1265,EGKC,28329,980,,,,,,,,
1266,BlurrFlavorz,28328,2891,63052,,,,16127065,,,
1267,GetToBamBoozling,28320,1084,,,,,,,,
1268,FootballEngineer,28309,1886,,,,,,,,
1269,L4ceUp20,28305,1028,,,,,,,,
1270,dxrqq,28298,724,,,,,,,,
1271,Soul YT,28247,1221,,,,,,,,
1272,iT0MYUNTV,28242,2422,59255,69,,,18217653,53640,,
1273,BTWitsLogan,28230,903,,,,,,,,
1274,Gig Bonads,28200,1976,,,,,,,,
1275,GrandReaper_Soul,28188,663,,,,,,,,
1276,sauceror,28185,892,52414,,,,,,,
1277,swannyandquags,28162,794,,,,,,,,
1278,Cfzhu,28160,235,,,,,,,,
1278,Esidsi,28160,1072,,,,,,,,
1280,Astriaxx,28159,1365,,113,,,,52046,,
1280,Frost29,28159,818,,,,,,,,
1282,XxBlackShadow3x,28143,1301,,,,,,,,
1282,MexiCamo,28143,637,,,,,,,,
1282,IRestrictedPath,28143,2149,,,,,,,9376,1020
1285,iiPabloo,28140,789,,,,,,,,
1286,Mist killed u,28135,727,,,,,,,,
1287,RvstyYouTube,28134,5544,97332,,3164,,25310790,116654,,1782
1288,o Mr Thief,28127,1780,,,,,,,,
1289,zachandbro,28119,1051,,,,,,,,
1290,ItzChuxky,28117,1796,,,,,,,,
1291,PASSllN,28113,667,,,,,,,,
1292,DazedButter,28104,1018,,,,,,,,
1293,Eternal_Blue13,28103,1917,,,,,13326671,41456,,
1294,ChocoPapi215,28102,850,,,,,,,,
1295,ttvTGxNightshade,28090,1169,,,,,,,6121,
1296,kemikv,28089,711,,,,,,,,
1297,aLittlefield,28083,1008,,,,,,,,
1298,Coleman240,28078,278,,13,,,,,,
1299,HamlinGGs,28074,857,,,,,,,,
1300,MANIE,28069,765,,,,,,,,
1301,DIRTY2TEK,28068,908,,,,,,,,
1302,KBrayden,28065,1816,,,,,,,,
1302,ebarnes_,28065,895,,,,,,,,
1304,LeiasBathRobe,28062,2531,56925,,487,8513,11484256,,,
1305,Zadrizzy,28059,995,55173,79,,4994,11448422,,10606,990
1306,SHEESH stick,28057,3028,,,,,13350612,73688,,5184
1307,Phoenix,28053,1061,,,,,,,,
1308,Deejeroo,28052,3411,50658,,,,13897807,,,
1309,Chill_X_kill,28045,948,,,,,,,,
1310,Luvtuo,28044,954,,,,,,,,
1311,Christo-The-Con,28042,833,,,,,,,,
1312,Polaroid Pro,28039,1318,,,,,,,,
1313,llezyll,28038,786,,,,,,,,
1314,Corners,28034,1596,,,,,,,,
1315,Olumis,28024,905,,,,,,,,
1316,Dragon1235341,28023,858,,,,,,,,
1317,P1SM,28017,626,,14,,,,,,
1318,Nutty Yo,28015,635,,,,,,,,
1319,xKiLLA,28012,1089,,,,,,,,
1320,TheBryceMan4,28000,863,,13,,,,,,
1321,Avenged_Savior_,27987,818,,,,,,,,
1322,baconflapjackz,27971,838,,,,,,,,
1322,Lfml,27971,2200,,,253,,,,,
1324,TTV_Hero_OUT_,27968,2684,,,326,,,,,
1325,HadesOn60ping,27965,1166,,,,,,,,
1326,Element_JW,27946,1181,,3,,,,,,
1327,InfectedJello,27931,1543,73721,,,,19664599,43600,,
1328,Hellvor_,27928,548,,,,,,,,
1329,FunnjLuu,27925,725,,,,,,,,
1330,Majin_Doo,27923,920,,,,,,,,
1331,G_Eye_93,27919,2032,,10,,,,,,1934
1332,Lorenzo9106,27918,418,,,,,,,,
1333,Enola Bee,27909,1286,,,,,,,,
1334,flayes,27907,962,,,,,,,,
1335,CheicoGotGame,27901,910,,,,,,,,
1336,stphgators,27899,2397,,3,,,11829371,,,
1337,aLeekk,27898,1632,,,,,,,,
1338,z33Ars_,27896,712,,,,,,,,
1339,AITakane,27889,1449,,,,,,,,
1340,ZEKO EON,27877,2322,,,,,,,,
1341,Oops_Merkoo,27875,909,,,,3392,,,,
1342,JerkyGmob,27874,799,,,,,,,,
1343,ImJayzey,27863,857,,,,,,,,
1344,XaviPR151,27852,1729,,,,,,,,
1345,IzzpotRSI,27846,1807,,248,,5383,,,13052,
1346,pEZAHd,27843,2403,53959,,138,,16012520,,,
1347,mario,27841,498,,,,,,,,
1348,xNovahkiinx,27839,940,,,,,,,,
1349,GreengamerBoi08,27838,651,,,,,,,,
1350,YangTimes,27830,794,,,,,,,,
1351,lIRoxyzzll,27824,701,,,,,,,,
1352,N0Pass1on,27811,892,,,,,,,,
1353,RAVENSJ,27796,894,,,,,,,,
1354,LXT Blade,27794,644,,,,,,,,
1354,Jesus 1V,27794,881,,,,,,,,
1356,Vksinstar,27786,698,,,,,,,,
1356,xChiefTTv,27786,2452,,,,,,,,
1358,aSmrtAss4u,27781,1183,,,,,,,,
1359,TTV_SymsiGG,27772,620,,,,,,,,
1360,GOAT-LUNATICZ,27770,630,,,,,,,,
1361,SEVEYN-,27767,1018,,,,,,,7453,1426
1362,DNAGamingxFB,27760,2293,,,,,13720775,39670,10792,2576
1363,IcyG591934,27749,1638,,,,,,,,
1364,OMWStepBro,27747,1309,,,,,,42597,,1036
1365,slumpedwalk23,27740,2042,,,,,,,,
1366,OnlyTheShady,27738,717,,,,,,,,
1367,Dew__Bee,27736,743,,,,,,,,
1368,Ping Nemesis,27734,515,,,,,,,,
1369,ct3q,27723,554,,,,,,,,
1370,XcaLiBeR-,27715,1643,,,,,,,,
1371,Rampart isOP,27714,1727,,,,,,,,
1372,nice 3 stack,27709,1575,,,,,,,,
1373,i_JiLES,27689,874,,,,,,,,
1374,SilllverDemon,27686,1856,,,,,,,12365,1610
1375,EICompaBenny,27676,1562,,,,,,,,
1375,Ameika M450N,27676,1360,,7,,,,,,
1377,FemI3oys,27674,2250,96713,,908,4203,23182554,86813,,
1378,Fencinqq,27672,1298,,,,,,,,
1378,EndlesslyNuking,27672,643,,,,3431,,,,
1380,INAPCITY,27671,1588,,,,,,,,
1381,DomepopshotTTV,27669,917,58193,,,,,,,
1382,Legends904,27660,855,,,,,,,,
1383,KMN_Tsukino_LOG,27653,822,,,,,,,,
1384,Mistinify,27650,1829,,,,,,42974,6913,
1385,@BeardedGregU,27649,1037,,38,,,,,,
1386,RRCxSosa_,27638,1415,,,,,,45975,10328,2102
1387,CTB Tweak,27634,1070,,,,,,,,
1388,Foxology__,27633,1728,,,,,,,,
1389,@vJazmyn,27628,1380,52538,,,7594,11076152,50935,19595,2537
1390,sgharo,27623,874,,,,,,,,
1391,Indraft,27622,863,,,,,,,,
1392,MoreLife420,27601,996,,,,,,,,
1393,CrispNoodlez,27596,1371,,,,,,,,
1394,SpicyHarem,27582,1353,,,,,,,,
1395,Tilt_Speed123,27581,1095,,,,,,,,
1396,Vexatn,27580,1293,,,,,,,,
1397,SQW Elliott,27565,704,,,,,,,,
1398,I miss her,27562,1648,,,,,,,,
1399,Nyxde,27549,954,,,,,,,,
1400,ChaoticZGod,27545,503,,,,,,,,
